site,sample_id,date,cl,ec_ms,ph,no3,po4,so4,o2,shore_cover_shrubs,shore_cover_meadow,fid_factor,land_use_meadows,land_use_agri,totalarea,ext_agri,int_agri,max_width,min_width,riffles,shading
A,A_2016-04-18,2016-04-18,0.5,0.76,8.04,0.5,0.2,29,72.8,2.5,42.5,0.485,60,40,29283418.859986,51.03,35.31,2.5,1.5,40,0
C,C_2016-04-18,2016-04-18,28,0.91,8.17,1.9,0.4,57,61.285,2.5,47.5,0.965,52.5,47.5,7627614.060659,41.59,47.7,1.2,0.9,30,80
D,D_2016-04-18,2016-04-18,22,0.71,8.43,1.2,0.5,109,87.975,40,22.5,0.26,37.5,20,136656995.424076,42.84,20.5,6,6,95,90
E,E_2016-04-19,2016-04-19,9,0.51,7.74,0.5,0.4,54,72.525,35,7.5,0.485,90,2.5,35037693.405122,25.47,39.94,4.5,1.4,10,70
F,F_2016-04-19,2016-04-19,14,0.95,8,0.5,0.4,92,58.66,45,0,0.95,85,12.5,21788187.45843,26.67,54.86,2.4,1.7,0,90
K,K_2016-04-19,2016-04-19,12,0.65,8.27,0.5,0.1,39,82.65,22.5,20,0.46,35,40,137233983.994888,44.42,17.12,4,2.5,70,90
L,L_2016-04-20,2016-04-20,2,0.4,8.29,1,0.1,25,81.61,15,10,0.85,52.5,35,15909023.612232,39.35,7.97,3.7,2,85,60
M,M_2016-04-20,2016-04-20,6,0.52,8.32,0.05,0.1,37,77.7,2.5,67.5,0.26,80,5,33005744.477313,45.85,15.23,4,2.2,60,40
N,N_2016-04-20,2016-04-20,3,0.84,8.15,0.5,0.3,105,68.865,0,5,0.495,60,40,23172585.360383,46.68,42.76,2.5,2,40,0
P,P_2016-04-21,2016-04-21,45,0.86,8.21,0.5,0.1,69,85.37,12.5,12.5,0.9525,10,90,171682199.899042,33.72,37.28,3.8,2.5,25,70
Q,Q_2016-04-21,2016-04-21,10,0.62,8.27,1.1,0.8,22,82.725,0,75,0.675,67.5,25,43111786.717025,35.57,28.57,2.1,1.8,30,0
R,R_2016-04-22,2016-04-22,36,0.9,7.92,0.5,0.1,52,71.925,5,55,0.945,10,90,32731612.461527,44.78,10.24,3,2,20,20
S,S_2016-04-22,2016-04-22,10,0.85,8.24,0.5,0.3,91,79.945,7.5,0,0.775,7.5,82.5,157052667.176012,37.23,21.57,4.7,2.6,30,70
T,T_2016-04-22,2016-04-22,14,1.02,8.33,1.5,0.1,110,75.815,25,20,0.75,45,45,176818272.404151,37.43,25.65,5,2.5,30,20
